Task,Score
NE1,0.310620
NE2,0.337954
AVG,0.324287
