Task,Score
STS,0.594353
PI,0.479909
NLI,0.370259
SA,0.620333
TI,0.822189
IA,0.651300
IC,0.534600
ICX,0.105800
NE1,0.204357
NE2,0.114364
AVG,0.449747
