Task,Score
TI,0.943204
AVG,0.943204
