Task,Score
STS,0.636367
AVG,0.636367
