Task,Score
STS,0.594353
AVG,0.594353
