Task,Score
NLI,0.361677
AVG,0.361677
